<resources xmlns:tools="http://schemas.android.com/tools">
    <!-- Base application theme. -->
    <style name="Theme.ZakatPayment" parent="Theme.MaterialComponents.DayNight.DarkActionBar">
        <!-- Primary brand color. -->
        <item name="colorPrimary">#2a2a2a</item>
        <item name="colorPrimaryVariant">#2a2a2a</item>
        <item name="colorOnPrimary">#FFFFFFFF</item>
        <!-- Secondary brand color. -->
        <item name="colorSecondary">#FF03DAC5</item>
        <item name="colorSecondaryVariant">#FF3700B3</item>
        <item name="colorOnSecondary">#FF000000</item>
        <!-- Status bar color. -->
        <item name="android:statusBarColor" tools:targetApi="l">?attr/colorPrimaryVariant</item>
        <!-- Customize your theme here. -->
    </style>
</resources>